title,price
"S Protection Reusable Cotton Face Mask With Velcro, Number Of Layers: 2",₹ 98/PieceGet Latest Price
Shashi Ear Loop Mount 3 Ply Face Mask ISO & SITRA Certified,₹ 1/PieceGet Latest Price
Future India Reusable 5 Layer N95 Face Mask,₹ 45/PieceGet Latest Price
Bellcross 3 Ply Face Mask With Melt Blown Fabric,₹ 2/PieceGet Latest Price
KN95 N95 Face Mask,₹ 4.50/PieceGet Latest Price
3 Layers N95 Face Mask,₹ 15/PieceGet Latest Price
Surgical Face Mask,₹ 1/PieceGet Latest Price
3 Ply Face Mask with CE Mark,₹ 1.08/PieceGet Latest Price
Kamal Healthcare Number of Layers: 3 Visor Mask,₹ 6/PieceGet Latest Price
3 Ply Meltblown Techtion Mask,₹ 1.25/PieceGet Latest Price
3M 9002 Particulate Respirator,₹ 18/PieceGet Latest Price
Protectmed Face Mask 3 Ply Disposable,₹ 0.70/PieceGet Latest Price
Number of Layers: 4 Layers 3M Non Woven Fabric Mist Respirator 8710,₹ 40/PieceGet Latest Price
"SAFARI Surgical Face Mask, Number of Layers: 3",₹ 1.20/PieceGet Latest Price
Wellvian 3 Ply Red Disposable Face Mask,₹ 2/PieceGet Latest Price
"Disposable KN-95 Face Mask With Filter, Certification: Yas, Number of Layers: 3",₹ 20/PieceGet Latest Price
CAMRON N95 Face Mask,₹ 8/PieceGet Latest Price
Medical Disposable Face Mask,₹ 0.70/PieceGet Latest Price
Number of Layers: 3 Disposable Face Mask,₹ 1/PieceGet Latest Price
"Disposable 3 Ply Meltblown Face Mask, Pack of 100",₹ 200/PackGet Latest Price
Venus Disposable N95 FFP2 Respirator Mask,₹ 50/PieceGet Latest Price
Kiyan 3 Ply Tie On Disposable Face Mask,₹ 0.85/pcsGet Latest Price
Face Mask .,₹ 0.85/PieceGet Latest Price
Disposable Covid Protection Mask,₹ 1/PieceGet Latest Price
"TML02TML-02-V FFP2 Respirator, Flat fold N95 mask",₹ 35/PieceGet Latest Price
"Yellow Non-Woven Venus V44++ Ffp1 Respirator Mask, Without Valve, Size: Large",₹ 6/PieceGet Latest Price
Non-Woven Aero Fresh Nose Mask,₹ 6/PieceGet Latest Price
V SURZ Dispoguard 3 Ply Face Mask,₹ 1.50/PieceGet Latest Price
